Logistic Regression,Decision Tree,Greadent Boost,Random Forest
98.10160427807486,95.6149732620321,97.15686274509804,97.7807486631016
